id,tweeted_url
13790742,https://developer.apple.com/design/human-interface-guidelines/ios/app-architecture/accessing-user-data/
769392715,https://twitter.com/i/web/status/1390614297491951616
305922144,https://www.instagram.com/p/COPER7hJs_D/?igshid=fmng3a9jcym9
368050288,https://twitter.com/i/web/status/1390668653100687366
14418045,https://twitter.com/i/web/status/1390665740030668801
9.32E+17,https://skins.webamp.org/skin/6483caa3f3e75a8bb3fc078b3453e8dc
115343506,https://twitter.com/i/web/status/1390677020191903745
3392143521,https://twitter.com/i/web/status/1362167602819252229
23330998,https://twitter.com/newlinesmag/status/1390650109873070088
21758143,https://twitter.com/LittleSimz/status/1389917817185587203
19923144,https://twitter.com/i/web/status/1390682842082922502
557842655,http://shout.lt/bQT0h
23331044,https://sites.google.com/site/garycooksblog/
298320111,https://twitter.com/i/web/status/1387150413393133573
39321874,https://www.rtve.es/alacarta/videos/telediario/villarreal-sueno-jugar-final-europa-league/5897755/
202375506,https://twitter.com/hawleymo/status/1390451157525573638
596377986,https://twitter.com/i/web/status/1390676733263757320
19399072,https://fascinatednosed.club/?swim=phelps&brand=Apple&model=iPhone&td=track.peacefulmountainnews.com&data2=w64o05fbk2n1qegvh2ml7i8q&cep=1CV3P_a7UllYLt6Y3KN1d6TpKPGFr7txzoat462CwWymqTxMgxli9vMVzyGuqo4fmFiSL0fGj0JSGXCR3exRKSh871suhnLdromR2EeTjH_mOZ9yr0kP8th-4eXMEn20HBjkb7RLPjuMEl1KhoafkrK1aQuoK62qO5z-ChaEcSBXWhT706zKeDx7Llls3SwM8xlzoWcfWP7TShvPrLNIcQ3vEBUq2adhIELUfYkvcK81oiq7gEPe5TF327lC76inONCxB4ztsaEhagXF5s0fkBgpWokFgzIlOrAlLQ1A7Q7HDYjOPnJv6g5xnCw5sDktkbUQLkPvSPfLe5ZWEjEkynU3MEOUKsFilzj2IhPHoOlctAgFsadxK79UknFS5MGVZyr5S04GFIgWuDcN168VBeWmRWMNohGARrYSmSoyztM024JjxotAk4sqyU73gK41zq5WHCc_7EV7g8C4S_S7p3w2DLBgCC-unQTR2A_-sUf1gy9270Vs2lvdcJqY0syaRDJKy9mtmJOJxJ7Jd8ilfv43yVZJ2b4BzHFhkiPWhNNM-wmsdxMgHfjoJY1easKiuUmLCEyiSb7bRiG6U1m8tX6xIkaNj5KSKbeH4MlbH5T0a0EoLqj6kR0uGHmqqjDc&lptoken=154491f313568861108f&subidaction=VjN8MTUzOTI2MTZ8MjE2MjUyM3w3ODc0ODMwfDE1OTExMzcwMDV8YzI4YmFmZTgtODdmYy00NmE4LWE2NjYtOWEzOTM1MjJmOTk4fDEwOS40MC42Ny42MXwxfHNoPXxkMzMyMTVjZGVkZDFjM2UzNWRhOWZjZTg3NzVkY2IyYQ==&placementid=15392616&campaignid=283088&bannerid=1005504#
7.34E+17,https://twitter.com/cPbnkdDgQ7WNiH7/status/1270206846708506625
57409991,https://twitter.com/rachael_with2as/status/1389748433162969094
38797799,https://twitter.com/heymichellelee/status/1382678351542910976
63701775,https://twitter.com/hygienix_ph/status/1389803806796382213
8.89E+17,https://tidal.com/track/50436098
276562720,http://accountdrops.com
4848354100,http://bit.ly/2DtH724
2318140218,https://twitter.com/i/web/status/1390373903491551233
2581857086,https://twitter.com/i/web/status/1390674739673268230
8.61E+17,https://soundcloud.com/rexescobar/off-the-cuff?utm_source=soundcloud&utm_campaign=share&utm_medium=twitter
20710218,https://twitter.com/i/web/status/1390676557522477059
221512549,https://twitter.com/TrailersFromHel/status/1378847437096292357
29361001,https://untp.beer/s/b805763618
939262832,https://www.instagram.com/p/CJemgaMlWpX/?igshid=9lmt8azfuxm6
39846828,https://nypost.com/2020/10/14/inside-hunter-bidens-murky-history-of-business-dealings-in-china/?utm_source=twitter_sitebuttons&utm_medium=site%20buttons&utm_campaign=site%20buttons
34866114,https://twitter.com/tangieambrose/status/1389252688181825538
24642526,https://twitter.com/i/web/status/1360262864049692674
1.03E+18,https://twitter.com/i/web/status/1389376830684254214
46662639,http://youtu.be/QMiba0AxdYY?aBatanga
863765552,https://open.spotify.com/track/1RWExFdF1GiCdRTHRLgoUu?si=YuLfpaqQSea1CPXQiFQGtw
120587348,https://youtu.be/serRqpdYo3k
342099030,https://www.instagram.com/p/BX8ovKkgcDL/
38536306,https://twitter.com/i/web/status/1390036463169859584
8.98E+17,https://twitter.com/i/web/status/1390066627543289861
78644388,https://twitter.com/i/web/status/1390675897125150721
1320158370,https://twitter.com/i/web/status/1390491275477110790
833356976,https://twitter.com/saveannah/status/1359930889501880320
29885619,https://www.instagram.com/p/BnfCCkKAYD9/?utm_source=ig_twitter_share&igshid=fow4i0u4axh8
85722328,https://apple.news/ATnTcVqtRRGuBoUHQw7MXGA
29099266,https://twitter.com/i/web/status/979045274336268291
400557314,https://www.bbc.co.uk/iplayer/episode/m000vt7g
2622731,https://twitter.com/BBCWorld/status/1390089248011923456
957089052,https://twitter.com/i/web/status/1389840548131921921
27526457,https://www.instagram.com/p/COjO9lsJ1D-/?igshid=14lkf18tsgvc9
45090120,https://music.apple.com/us/album/we-straight-feat-vince-staples/1560914873?i=1560915090
14157134,https://twitter.com/danielhewittitv/status/1390648635499630595
321389968,https://www.washingtonpost.com/nation/2021/05/07/fox-news-anthony-antonio-capitol-riot/?tid=ss_tw
1126958532,https://soundcloud.com/rexescobar/off-the-cuff?utm_source=soundcloud&utm_campaign=share&utm_medium=twitter
215745990,https://twitter.com/i/web/status/1390666303300464642
74712538,https://twitter.com/i/web/status/1390607346854875137
2727609826,https://gleam.io/GBipa/cyberworld-v05-airdrop-testnet
3077047801,http://socl.club/2BRJG0
171968009,https://twitter.com/i/web/status/1027654441133133824
362284562,http://tweepsmap.com/!AlexChancexxx
1719404058,https://www.reverbnation.com/gosophi?0&pwc%5Bbranded%5D=1
568854046,http://bit.ly/2v5D8Ds
867436081,https://elpilon.com.co/martin-elias-ya-tiene-su-calle-en-valledupar/
7.73E+17,http://amolaropalinda.blogspot.com/2017/06/lakaut-facebook.html?spref=tw
318768709,http://fllwrs.com
217319002,https://twitter.com/i/web/status/1390537458631077888
8.95E+17,http://smallhairdryersale.fourfour.com
1661470322,https://twitter.com/A95Nayef/status/685830137502392321/photo/1
28313220,https://twitter.com/i/web/status/1389852974529327104
242484876,https://twitter.com/mhl/status/1360349747475853319
476317382,https://twitter.com/i/web/status/1390530785753632770
305399525,http://fllwrs.com
2465466121,https://twitter.com/mmpadellan/status/1390335294839402501
885524240,https://twitch.tv/bijuuxsenpai
452462357,https://www.facebook.com/story.php?story_fbid=2466782386712024&id=100001408611333
8.07E+17,https://youtu.be/r0ZavqtlaHc
34867057,https://twitter.com/i/web/status/1390683226709049348
225445834,https://twitter.com/i/web/status/1390414291677888513
50595800,https://path.com/p/3BgAG2
19924969,https://twitter.com/i/web/status/1390374823390441474
599001082,https://www.reubenabati.com.ng/index.php/component/k2/item/29263-shallow-graves-where-serial-killer-buried-iniobong-umoren-and-other-jobseeker-discovered/post
147589125,https://bit.ly/2PVBV1g
7.96E+17,http://www.usitech.io/ethereum/ethereum-smart-contracts/
7.79E+17,http://www.grangewebdesign.com/marketing-saturday/
883951634,https://sites.google.com/view/exkavator-ramenskoe/главная
161482772,https://www.pscp.tv/w/1BdGYYAdRWLGX
178260000,https://www.neatie.com/Personalised-Rings
614467617,https://twitter.com/philpowell87/status/1389959558395727872
372508707,http://www.usitech.io/ethereum/ethereum-smart-contracts/
3236431915,http://bit.ly/1Sc57Jb
1711016023,https://twitter.com/silviakillings/status/1390642818008424448
1976043619,http://www.ollusaintsathletics.com/article/4186.php
216533096,https://pfl.info/WatchNow
103024765,http://bit.ly/1MCWo1x
8.37E+17,https://twitter.com/i/web/status/1390323565061279744
107481236,https://twitter.com/i/web/status/1382407892687597569
106170524,https://twitter.com/i/web/status/1390512285299482625
28838048,https://instagr.am/p/COkU_hcL7Zf/
38799543,https://twitter.com/i/web/status/1390677660150353926
67635391,https://anamariaalvarado.tv/2020/pepe-aguilar-apoya-al-maximo-a-sus-hijos
2253916442,https://www.google.com/amp/s/obits.syracuse.com/amp/obituaries/syracuse/195616977
2590771538,https://twitter.com/jontaffer/status/879141930394714112
248252756,https://twitter.com/i/web/status/1136803346537472000
298060189,https://twitter.com/i/web/status/1390660096867201029
7.72E+17,https://twitter.com/joia2788/status/787438437464875008
403179950,https://lanistar.link/kalaniballfree
24906161,https://twitter.com/i/web/status/1369031679952756739
369625532,https://twitter.com/i/web/status/1390665778790387715
405015059,https://www.instagram.com/p/CN6rLmkJTvs/?igshid=yffvxwwivhis
4848093719,https://youtu.be/kVXf5273nlo
20711964,https://www.gofundme.com/f/la-grooves-presents-a-love-letter-to-la?utm_source=twitter&utm_medium=social&utm_campaign=m_pd+share-sheet
906758731,https://twitter.com/i/web/status/1390457738271072257
592972389,http://bit.ly/A9Q3zb
42207855,https://youtu.be/ug623XBXzcI
19925621,https://amzn.to/35ctxjd
351799946,https://soundcloud.com/rexescobar/off-the-cuff?utm_source=soundcloud&utm_campaign=share&utm_medium=twitter
8.04E+17,http://dancandoa2.comunidades.net/index.php
124258971,https://twitter.com/i/web/status/1379707829456576513
19663518,https://twitter.com/i/web/status/1390373330214064136
8.77E+17,https://twitter.com/i/web/status/1196424744624676865
19923515,https://twitter.com/i/web/status/1390711515699941381
586,https://twitter.com/i/web/status/1390329238482345992
111673973,https://www.starbuckssummergame.com/
1658061462,http://youtu.be/nuetp68dzDE
703857318,http://www.mattressenthusiast.xyz/bamboo-mattress-reviews/
632029895,https://www.instagram.com/p/CGs0-FmB41f/?igshid=1j019f5pypjvz
1587544788,https://twitter.com/dirtyhiphophead/status/898952486186344450
243794651,https://soundcloud.com/rexescobar/off-the-cuff?utm_source=soundcloud&utm_campaign=share&utm_medium=twitter
788792041,https://twitter.com/i/web/status/1390652564857831425
15467245,https://soundcloud.com/rexescobar/off-the-cuff?utm_source=soundcloud&utm_campaign=share&utm_medium=twitter
721683182,https://twitter.com/i/web/status/1369677040903983112
20447988,https://twitter.com/i/web/status/1390698104438001667
88081160,https://twitter.com/i/web/status/1386668438106611716
132385468,https://twitter.com/i/web/status/1389830019644461058
7.72E+17,http://willtrumpcarehelpme.com
227019467,https://youtu.be/beOa_AXG0Ms
44829395,https://twitter.com/i/web/status/1389252200157913089
91491046,https://twitter.com/i/web/status/1390059314086400004
1516505838,http://dailym.ai/2vbZSBU
165153530,https://twitter.com/i/web/status/1390617402082304001
279710472,https://twitter.com/wittathletics/status/1390687749389225987
73141088,http://ow.ly/eMzR30pYFrs
715918219,https://www.youtube.com/watch?v=96fIpssswvE
23595924,http://ritzcarwashphilly.com/
393743257,https://www.instagram.com/p/CFavD7fnfpZ/?igshid=zdwgnf5jld6g
310643621,https://youtu.be/v8Hr1Pch0u8
265554862,https://youtu.be/-wEOUb1RkF0
4384885696,https://www.loverebecca.space/single-post/2017/12/07/Step-Forward
103025630,https://goo.gl/puvSqB
46664677,https://twitter.com/i/web/status/1372664161902157828
18091004,https://twitter.com/i/web/status/1390694930893484032
379325443,https://soundcloud.com/rexescobar/off-the-cuff?utm_source=soundcloud&utm_campaign=share&utm_medium=twitter
38973772,https://scholarship.collegecovered.com/?year=2020
20974645,https://twitter.com/i/web/status/1387107345793224706
483396662,https://youtu.be/tva_l6I1VEI
342363193,https://twitter.com/i/web/status/1390705414895976448
1002441816,https://www.instagram.com/p/BW6OrJiAQqC/
19139694,https://twitter.com/i/web/status/1389740075148201984
482610286,https://twitter.com/i/web/status/1382108073045721088
27528339,https://www.lindaikejisblog.com/2021/5/fitness-challenge-nigerian-mums-endorse-three-crowns-everybody-is-welcome-campaign.html
90967197,https://abcn.ws/3h7zpAs
7.72E+17,http://ara.tv/c2zmw
292555960,https://twitter.com/i/web/status/1388127313309622272
299371708,https://soundcloud.com/rexescobar/off-the-cuff?utm_source=soundcloud&utm_campaign=share&utm_medium=twitter
94899391,https://goo.gl/E3CuST
122162381,https://twitter.com/i/web/status/1349576066285920256
28052685,https://twitter.com/i/web/status/1366792200047128577
304352481,https://soundcloud.app.goo.gl/SMESoH7x2hXyA64x7
2458389740,https://twitter.com/i/web/status/1390350059603206147
30412016,https://twitter.com/i/web/status/1389656105014513666
2560101619,https://twitter.com/i/web/status/1390456744019730439
109579534,https://zpr.io/RuMsQ
323226897,https://soundcloud.com/rexescobar/off-the-cuff?utm_source=soundcloud&utm_campaign=share&utm_medium=twitter
24382752,https://twitter.com/i/web/status/1388909780777979904
616303909,http://de.tk/1XK1z
1548750122,https://twitter.com/i/web/status/1390646118053076994
7.72E+17,http://willtrumpcarehelpme.com
581438790,https://www.instagram.com/p/COb4VhSgt8_m79V0Xvv3sfd23ezkBDZAI2oRVs0/?igshid=1n5f49kwklvgq
703335756,https://twitter.com/i/web/status/1117786439033470978
365694298,https://www.youtube.com/watch?v=8CGH9worqaU
298585488,https://soundcloud.com/rexescobar/off-the-cuff?utm_source=soundcloud&utm_campaign=share&utm_medium=twitter
3257929151,http://ForexBonus.xyz/
1979190776,http://tickerreport.com/?p=7384368
544214527,https://twitter.com/i/web/status/1277496943363719172
823660038,https://twitter.com/i/web/status/1167685661018771457
267390486,https://www.newslettercartoons.com/002/gallery/pages/7852.html
177737258,https://twitter.com/PerthUSAsia/status/1389450111311237122
479727198,https://twitter.com/i/web/status/1390432158251200519
64753254,https://twitter.com/bbcturkce/status/1390624956631953410
209456754,https://twitter.com/i/web/status/963775740973142016
31523146,https://twitter.com/i/web/status/1389354017889955845
189271687,https://itunes.apple.com/us/app/morning-boost-daily-affirmation/id1199014150?mt=8
40898254,https://twitter.com/adweek/status/1390446649802215424
3506959932,https://twitter.com/i/web/status/1381600896350519306
9.50E+17,http://cafe.daum.net/scjschool/E3qZ/760
1.04E+18,https://twitter.com/i/web/status/1389747465654456320
24907585,https://www.maskorima.com/collections/holiday-specials-1/products/sampler-bundle-with-arnulfo-autographed-born-to-run
269225854,https://youtu.be/5oelMVIZhxI
415764375,https://soundcloud.com/yellodisney/sun-out-feat-shinichi-sumida
88084392,https://www.instagram.com/p/CNlegQXrMNe/?igshid=1rcne0ajar8yu
139202541,https://twitter.com/i/web/status/1187131874319179777
87035888,https://twitter.com/officialplt/status/1390417536546705412
94900238,https://twitter.com/i/web/status/1390684472232890370
3017805851,https://recensiamomusica.com/valerio-scanu-mi-piacciono-le-belle-voci-come-quella-di-mimi-intervista/
2837712923,https://twitter.com/i/web/status/1390048757237026818
137367585,https://twitter.com/i/web/status/1022200204131540994
55840808,http://b2c.news/n2bUHm
4469821522,http://bit.ly/2nUlLGu
36704352,https://twitter.com/teamfalliam/status/1390625055927832579
1059852410,https://twitter.com/ElSegundoBeach/status/1380207017181122561
790680,https://twitter.com/i/web/status/1390709212582395906
513112719,https://twitter.com/i/web/status/1388108558240210944
353636529,http://www.usitech.io/ethereum/ethereum-smart-contracts/
80744646,https://www.instagram.com/p/COcuHFtAo7V/?igshid=wn2myklw9sj9
1360531694,https://gamebag.org/clearing-common-confusions-username-dilemma/
3287027977,http://bnent.jp/optc-den2e/
240128281,https://www.instagram.com/p/CNhZ3eLnPLX/?igshid=1rq3sn4kb8ti3
39325978,https://www.youtube.com/watch?v=ZmbwOZ94tBc&t=54s
1202983213,https://twitter.com/YouTube/status/1353002826478317570
268439864,https://twitter.com/xtinavirus/status/1389274960661733377
1.12E+18,https://twitter.com/i/web/status/1390691971791040513
25956690,http://www.usitech.io/ethereum/ethereum-smart-contracts/
16519549,http://Keybase.io
3014398348,https://twitter.com/EEEGR/status/1290588686078423040
2675708408,https://twitter.com/SamuelJComroe/status/1395742105394458632
1223430648,https://soundcloud.com/rexescobar/off-the-cuff?utm_source=soundcloud&utm_campaign=share&utm_medium=twitter
786960912,https://www.instagram.com/p/BX8706Ej1Yj/
84152857,https://www.instagram.com/p/BVFT9teDv4Q/
20451915,http://bit.ly/xHSyh0
327684727,https://twitter.com/i/web/status/1395465520669880321
88576304,http://www.usitech.io/ethereum/ethereum-smart-contracts/
39588492,https://joemcnally.com/2021/05/19/the-book-of-odd/
114299539,https://twitter.com/DailyofJK/status/1395669234282291200
137630414,https://www.veryansintv.com/cumhuriyetin-aciklamasi-ikinci-cumhuriyetcileri-rahatsiz-etti
10228502,https://barland7.wordpress.com/2021/05/19/lookout-zoom-google-is-working-on-an-ai-android-video-chat/
885003066,http://money7777.info/FORUMEARS/?page_id=7&view=topic&id=19
227545922,https://abcn.ws/3hFTI8e
1162875732,http://en.wikipedia.org/wiki/Deaths_in_2018
1871975262,https://twitter.com/i/web/status/1395752418546229248
141300574,https://www.instagram.com/p/CPBr75zgP10/?utm_medium=twitter
3233551254,https://linktr.ee/charitytyson
791449,https://twitter.com/i/web/status/1395578189313986563
27530178,https://mzl.la/3u0KFkG
469504967,http://goo.gl/PGK5CP
269489101,https://twitter.com/i/web/status/1395695702584532995
1219499012,https://soundcloud.com/rexescobar/off-the-cuff?utm_source=soundcloud&utm_campaign=share&utm_medium=twitter
99881991,https://soundcloud.com/rexescobar/off-the-cuff?utm_source=soundcloud&utm_campaign=share&utm_medium=twitter
38802447,https://www.ticketmaster.com/in-real-life-comedy-tour-jackson-mississippi-06-11-2021/event/1B005A6CDCD73A71
1028142835059417088,https://twitter.com/i/web/status/1395718527982706691
23335967,https://twitter.com/Ulysses1229/status/1392456787455000576
605819946,https://twitter.com/dee_feee/status/1395734965254492162
358880317,https://www.pscp.tv/w/c3W6vDk3NzgyN3wxZGp4WHFSQWtCb0ta23O4ZFHKGfnZEK41GXgfGRPScKRF2bFTWozCNNOlDfA=
437523529,https://twitter.com/i/web/status/1395440066055614469
3349157019,https://twitter.com/i/web/status/1395564900290813952
1042814112,https://cnb.cx/2QCogwr
1476400334,http://youtu.be/reC3Gy1wdZg?a
831720146091716608,http://obamawhitehouse.archives.gov/the-press-office/2017/01/19/letter-president-report-respect-guantanamo
563090687,https://help.twitter.com/articles/31796?lang=en
714996796582264832,http://www.bbc.co.uk/news/av/world-asia-43158243/world-s-longest-glass-bridge-visited-by-thousands-daily
851711263,http://Sad.lol
901276986152058881,https://redd.it/6z4a40
273159476,https://twitter.com/i/web/status/1395739944182853635
22549812,https://youtu.be/3yfGvsGEou0
81794383,https://www.instagram.com/p/CO4fqOOs3gJ/?igshid=1jatk6q1hl13l
21763420,https://twitter.com/i/web/status/1394734812825587716
57152873,https://twitter.com/i/web/status/1393353619852910596
1337464171,http://item.rakuten.co.jp/machida/4582224498239/
788107421629591552,https://twitter.com/i/web/status/1395739888540995592
104600968,https://twitter.com/i/web/status/1395746884719939586
849151040918257665,http://www.investorideas.com/news/2017/technology/08301ExtraordinaryFuture.asp
764417455,https://youtu.be/5aFJk8hlJFY
5248441,https://twitter.com/i/web/status/1252171600788705282
221255171,https://twitter.com/i/web/status/1393952158601547786
2315523596,https://twitter.com/i/web/status/1395749500233392131
14423603,https://twitter.com/WNBA/status/1394821404483276802
911663031322595328,https://twitter.com/HopeStreet_GFP/status/1392917308952174601
154670681,https://www.elespectador.com/colombia2020/pais/los-199-lideres-sociales-asesinados-en-2020-bajo-la-sombra-del-covid-19/
574101143,https://twitter.com/heir_porter/status/1384261502295699461
77338274,https://twitter.com/i/web/status/1395758285161074690
28055231,https://twitter.com/i/web/status/1393921714950746112
29365968,https://m.extra.globo.com/noticias/coronavirus/com-casos-no-maranhao-brasil-o-52-pais-detectar-variante-indiana-da-covid-19-segundo-na-america-latina-25027475.html
279189207,https://twitter.com/i/web/status/1390601333993050112
131340008,https://na.finalfantasyxiv.com/lodestone/character/31595651
79173358,https://twitter.com/i/web/status/1394446207984996352
719066864,https://youtu.be/r0ZavqtlaHc
328210196,http://www.usitech.io/ethereum/ethereum-smart-contracts/
619452225,https://soundcloud.com/grimmvadah/for-everyone
20453211,https://apple.news/ALJpeCAkVTbK3KD_piNjtUQ
386668440,https://twitter.com/i/web/status/1395718477403627527
321394589,https://www.smartservicesla.org/
485758924,https://twitter.com/i/web/status/1391831519421992961
85465037,https://twitter.com/espectaculosBCN/status/1382427277212913666
450631633,http://workersrooms.com
970024894804189184,https://youtu.be/iZUcW1q8EVU
1002706964,https://youtu.be/7nkh4YyNBR8
51386401,http://www.hotinchina.net/news/index.php/2018/02/06/chinas-epic-fantasies/
22812734,https://twitter.com/i/web/status/1395336807269732353
35657831,https://twitter.com/i/web/status/1391567387397341184
776132978405675012,https://soundcloud.com/rexescobar/off-the-cuff?utm_source=soundcloud&utm_campaign=share&utm_medium=twitter
43522180,https://twitter.com/phoebe_bridgers/status/1390040576175738880
24647812,https://www.instagram.com/p/CPBqk89j870/?utm_medium=twitter
2518685834,https://twitter.com/i/web/status/1395456444833619973
499914913,https://twitter.com/MarkatKOOL105/status/1395722761344065540
416028833,https://twitter.com/i/web/status/1384855302454063107
1004804740105035777,https://twitter.com/i/web/status/1395771573907361797
485234907,https://twitter.com/martinpaavej/status/963702113548283904
6297852,http://orbitaloperations.com/
3042187528,https://youtu.be/rT2lSatcUc4
184031532,https://twitter.com/i/web/status/1395301062995742721
305928496,https://twitter.com/i/web/status/1395218861868322828
44570946,http://threesquare.org
979638601,https://twitter.com/BarackObama/status/1391106043900579842
21728303,https://twitter.com/qudsnen/status/1395697436732100610
292559186,http://fb.me/7tpqKohtm
